Thread ID,Turn,Role,Message
particapant_1111,1,User,"Introduce yourself and how you hope to help the user. We will be going through chapter 6. Summarize briefly the main idea of chapter 6.1. Spark interest in the user and prepare them for the first MCQ you will generate. If no other sub-section exists, congratuate the user on completing the chapter and tell them that you remain open to discussion."
particapant_1111,2,AI,"Hello! I'm your learning partner, here to guide you through an engaging exploration of Chapter 6.1. My goal is to help you deepen your understanding by asking thought-provoking questions and encouraging you to think critically about the material.

Chapter 6.1 delves into the fascinating world of psychology, focusing on the scientific study of mind and behavior. It introduces key concepts such as the interdisciplinary nature of biological psychology and evolutionary psychology. These fields explore how our biology and environment interact to shape our behavior, and how behaviors may have evolved over time to adapt to our surroundings.

To spark your interest, consider this: How do you think our evolutionary past influences the way we behave today? What role do you think genetics play in our everyday actions and decisions?

Once you're ready, we'll dive into a multiple-choice quiz to test your understanding of these concepts. Let's embark on this journey of discovery together!"
particapant_1111,3,User,hello
particapant_1111,4,AI,Hello! It's great to have you here. How can I assist you today with Chapter 6.1 or any other topic you're interested in?
particapant_1111,5,User,When do I take the quiz?
particapant_1111,6,AI,"You'll take the quiz once we've had a chance to discuss the key themes and concepts of Chapter 6.1. This way, you'll be well-prepared and confident in your understanding. Let's start by exploring some of the main ideas, and I'll ask you some questions to help deepen your understanding. Once you're ready, I'll generate a quiz for you. How does that sound?"
particapant_1111,7,User,Sounds great
particapant_1111,8,AI,"Fantastic! Let's dive into the key themes of Chapter 6.1. This section explores the scientific study of mind and behavior, focusing on biological psychology and evolutionary psychology.

**Biological Psychology**: This area looks at the immediate causes of behavior based on the physiology of humans and animals. It involves an interdisciplinary approach, often referred to as neuroscience, which includes biologists, medical professionals, and chemists.

**Evolutionary Psychology**: This field studies the ultimate biological causes of behavior, emphasizing how behaviors may have evolved to adapt to our environment. It draws on the principles of natural selection, as introduced by Charles Darwin.

To get us started, here's a question to ponder: How do you think the study of biological psychology can help us understand human behavior in everyday life? Feel free to share your thoughts!"
particapant_1111,9,User,I don't even know what biological psychology is.
particapant_1111,10,AI,"No worries! Let's break it down together.

**Biological Psychology**, also known as biopsychology, is a field that examines how our brain and nervous system influence our thoughts, feelings, and behaviors. It looks at the physiological processes that underlie our actions and mental states. For example, it explores how neurotransmitters (the chemicals in our brain) affect mood and behavior, or how brain injuries can impact personality and cognitive functions.

Think of it like this: if our brain is the hardware, biological psychology studies how this hardware affects the software—our thoughts and behaviors.

To make it more relatable, consider how you feel when you're hungry. Your body sends signals to your brain, which then influences your mood and behavior, perhaps making you more irritable or less focused. This is a simple example of how biological processes can affect behavior.

Does this help clarify what biological psychology is? Feel free to ask more questions if you're curious!"
particapant_2222,1,User,"Introduce yourself and how you hope to help the user. We will be going through chapter 6. Summarize briefly the main idea of chapter 6.1. Spark interest in the user and prepare them for the first MCQ you will generate. If no other sub-section exists, congratuate the user on completing the chapter and tell them that you remain open to discussion."
particapant_2222,2,AI,"Hello! I'm your learning partner, here to guide you through an engaging exploration of psychology. Today, we're diving into Chapter 6.1, which focuses on the fascinating field of biopsychology.

Biopsychology is the study of how our biology influences our behavior. It looks at the immediate causes of behavior through the lens of physiology, examining how our brain and nervous system interact with our environment to shape our actions. This chapter also touches on evolutionary psychology, which seeks to understand the ultimate biological causes of behavior, tracing back to our genetic makeup and evolutionary history.

To spark your curiosity, consider this: How do you think your brain's structure and function might influence your daily decisions and interactions? 

Once you're ready, we'll explore these concepts further and I'll prepare a multiple-choice quiz to test your understanding. Let's embark on this journey to uncover the intricate connections between our biology and behavior!"
particapant_2222,3,User,lets do it
particapant_2222,4,AI,"Great! Let's start by exploring some key concepts in biopsychology. 

**Question:** How do you think the brain's structure might influence specific behaviors or abilities? For example, consider how different parts of the brain might be responsible for different functions like memory, emotion, or decision-making. 

Feel free to share your thoughts, and we can delve deeper into these ideas!"
particapant_2222,5,User,It uses power to make you think gooder
particapant_2222,6,AI,"That's an interesting way to put it! The brain indeed uses energy to perform its functions, and different areas are specialized for various tasks. For instance, the frontal lobe is crucial for decision-making and problem-solving, while the hippocampus plays a key role in forming new memories.

Let's consider this: How might damage to a specific part of the brain, like the frontal lobe, affect a person's behavior or cognitive abilities? What changes might you expect to see?"
particapant_2222,7,User,They might get dumber
particapant_2222,8,AI,"You're on the right track! Damage to the frontal lobe can indeed affect cognitive abilities, but let's explore this a bit more deeply. The frontal lobe is involved in higher cognitive functions such as reasoning, planning, and impulse control. If this area is damaged, a person might experience difficulties with:

- **Decision-making:** They might struggle to weigh options and make sound judgments.
- **Impulse control:** They could act more impulsively, without considering the consequences.
- **Problem-solving:** They might find it challenging to solve complex problems or think strategically.

These changes don't necessarily make someone ""dumber,"" but they can significantly impact how they process information and interact with the world.

Now, let's think about how understanding these brain functions can help in fields like psychology or medicine. Why do you think it's important for psychologists or doctors to understand the relationship between brain structures and behavior?"
particapant_2222,9,User,So they can make bank $$$
particapant_2222,10,AI,"That's a humorous take, and while financial success can be a motivation, there's a deeper significance to understanding the brain-behavior relationship. Here are a few reasons why this knowledge is crucial:

1. **Diagnosis and Treatment:** Understanding how different brain areas affect behavior helps in diagnosing and treating neurological and psychological disorders. For example, knowing that the hippocampus is involved in memory can guide treatments for memory-related conditions.

2. **Rehabilitation:** For individuals who have suffered brain injuries, targeted rehabilitation can help them regain lost functions or adapt to changes. Knowledge of brain functions allows therapists to design effective recovery programs.

3. **Research and Innovation:** Insights into brain-behavior connections drive research that can lead to new therapies, medications, and technologies to improve mental health and cognitive functioning.

4. **Education and Awareness:** Educating people about how their brains work can empower them to make healthier lifestyle choices that support brain health.

Understanding these connections is not just about financial gain; it's about improving lives and advancing our knowledge of human behavior. 

With these ideas in mind, are you ready to test your understanding with a quiz?"
particapant_2222,11,User,Yeah quiz me
particapant_2222,12,AI,"Fantastic! Here's a short quiz to test your understanding of the concepts we've discussed in Chapter 6.1. 

```json
{
  ""quiz"": [
    {
      ""question"": ""What is the primary focus of biopsychology?"",
      ""options"": [
        ""The study of cultural influences on behavior"",
        ""The study of the immediate causes of behavior based on physiology"",
        ""The study of historical psychological theories"",
        ""The study of social interactions and their effects on behavior""
      ],
      ""answer"": ""The study of the immediate causes of behavior based on physiology""
    },
    {
      ""question"": ""Which part of the brain is primarily responsible for decision-making and impulse control?"",
      ""options"": [
        ""Occipital lobe"",
        ""Parietal lobe"",
        ""Frontal lobe"",
        ""Temporal lobe""
      ],
      ""answer"": ""Frontal lobe""
    },
    {
      ""question"": ""Why is it important for psychologists to understand the relationship between brain structures and behavior?"",
      ""options"": [
        ""To diagnose and treat disorders effectively"",
        ""To create more engaging video games"",
        ""To increase their social media following"",
        ""To design better office spaces""
      ],
      ""answer"": ""To diagnose and treat disorders effectively""
    }
  ]
}
```

Take your time to think about each question, and let me know your answers when you're ready!"
particapant_2222,13,User,"Evaluate the following quiz answers, according to the given instructions.After evaluation is done, prepare the user to move onto the next sub-section, only if another sub-section exists. In chapter 6 there is 6.1 6.2 6.3 and 6.4.If no other sub-section exists, congratuate the user on completing the chapter and tell them that you remain open to discussion.[{""answer"": ""The study of the immediate causes of behavior based on physiology"", ""question"": ""What is the primary focus of biopsychology?"", ""user_answer"": ""The study of the immediate causes of behavior based on physiology""}, {""answer"": ""Frontal lobe"", ""question"": ""Which part of the brain is primarily responsible for decision-making and impulse control?"", ""user_answer"": ""Frontal lobe""}, {""answer"": ""To diagnose and treat disorders effectively"", ""question"": ""Why is it important for psychologists to understand the relationship between brain structures and behavior?"", ""user_answer"": ""To create more engaging video games""}]"
particapant_2222,14,AI,"Let's evaluate your answers:

1. **Question:** What is the primary focus of biopsychology?
   - **Your Answer:** The study of the immediate causes of behavior based on physiology
   - **Correct Answer:** The study of the immediate causes of behavior based on physiology
   - **Feedback:** Correct! Biopsychology indeed focuses on understanding how physiological processes influence behavior. Well done!

2. **Question:** Which part of the brain is primarily responsible for decision-making and impulse control?
   - **Your Answer:** Frontal lobe
   - **Correct Answer:** Frontal lobe
   - **Feedback:** Correct! The frontal lobe plays a crucial role in decision-making and controlling impulses. Great job!

3. **Question:** Why is it important for psychologists to understand the relationship between brain structures and behavior?
   - **Your Answer:** To create more engaging video games
   - **Correct Answer:** To diagnose and treat disorders effectively
   - **Feedback:** While creating engaging video games is an interesting application of psychology, the primary importance of understanding brain-behavior relationships is to diagnose and treat disorders effectively. This knowledge helps in developing therapies and interventions that improve mental health.

You've done well in understanding the key concepts of Chapter 6.1! Now, let's move on to the next sub-section, Chapter 6.2, where we'll explore more fascinating aspects of psychology. Are you ready to continue?"
particapant_2222,15,User,I'm ready
particapant_2222,16,AI,"Chapter 6.2 delves into the intriguing world of evolutionary psychology. This subfield seeks to understand the ultimate biological causes of behavior by examining how our genetic makeup and evolutionary history shape our actions. It builds on the foundational work of Charles Darwin and explores how behaviors, much like physical traits, can be adaptive and influenced by natural selection.

Evolutionary psychology posits that if a behavior has a significant genetic basis, it should be expressed across all human cultures, given the minimal genetic differences among human groups. This perspective helps us understand why certain behaviors are universal and how they might have evolved to solve problems related to survival and reproduction.

To spark your curiosity, consider this: How might evolutionary psychology explain common human behaviors like cooperation or competition? What evolutionary advantages might these behaviors provide?

Once you're ready, we can explore these concepts further and prepare for another quiz to test your understanding. Let's dive into the fascinating connections between our evolutionary past and present behaviors!"
particapant_2222,17,User,what
particapant_2222,18,AI,"Let's break it down a bit more clearly. Chapter 6.2 focuses on evolutionary psychology, which is the study of how our evolutionary past influences our current behaviors. This field looks at how behaviors that helped our ancestors survive and reproduce might still be present in us today.

For example, behaviors like cooperation and competition can be seen as strategies that helped early humans survive in their environments. Cooperation might have helped in hunting and gathering, while competition could have been important for securing resources.

Think about this: Why do you think humans might have evolved to be both cooperative and competitive? What benefits do these behaviors provide in terms of survival and reproduction?

Feel free to share your thoughts, and we can explore these ideas further!"
participant_3333,1,User,"Introduce yourself and how you hope to help the user. We will be going through chapter 6. Summarize briefly the main idea of chapter 6, you must reference the text book at all times. Tell the to take the chapter pre quiz on the right side of the screen. Use the results of this quiz to understand the user's knowledge of the chapter. Prepare them for the first sub-section quiz.Keep this greeting message concise and true to chapter 6 of the textbook"
participant_3333,2,AI,"Hello! I'm your learning partner, here to guide you through Chapter 6 of our psychology textbook. This chapter delves into the fascinating world of learning, exploring how we acquire new behaviors and knowledge. It covers key concepts such as classical conditioning, operant conditioning, and observational learning, highlighting the cognitive processes involved in learning beyond mere imitation.

Before we dive deeper, please take the chapter pre-quiz on the right side of your screen. This will help us gauge your current understanding and prepare you for the first sub-section quiz. Let's embark on this learning journey together!"
participant_3333,3,User,"Evaluate the following quiz answers, according to the given instructions.After evaluation is done, prepare the user to move onto the next sub-section, only if another sub-section exists. In chapter 6 there is 6.0 6.1 6.2 6.3 and 6.4.The user is currently on chapter 6.0.Provide a summary of the sub-section and engage with the user about its topics to prepare them from the next MCQ quiz. If no other sub-section exists, congratuate the user on completing the chapter and tell them that you remain open to discussion.[{""answers"": [""1. Reinforcement is delivered at predictable time intervals."", ""2. Reinforcement is delivered after a predictable number of responses."", ""3. Reinforcement is delivered at unpredictable time intervals."", ""4. Reinforcement is delivered after an unpredictable number of responses.""], ""question"": ""What is a variable ratio reinforcement schedule?"", ""user_answer"": ""1. Reinforcement is delivered at predictable time intervals.""}, {""answers"": [""1. It uses a fixed interval schedule."", ""2. It uses a variable ratio schedule."", ""3. It uses a fixed ratio schedule."", ""4. It uses a variable interval schedule.""], ""question"": ""Why is gambling considered addictive according to reinforcement schedules?"", ""user_answer"": ""3. It uses a fixed ratio schedule.""}, {""answers"": [""1. Variable ratio"", ""2. Fixed interval"", ""3. Variable interval"", ""4. Fixed ratio""], ""question"": ""What is the least productive reinforcement schedule?"", ""user_answer"": ""2. Fixed interval""}]"
participant_3333,4,AI,"Let's evaluate your quiz answers:

1. **What is a variable ratio reinforcement schedule?**
   - **Your Answer:** ""1. Reinforcement is delivered at predictable time intervals.""
   - **Correct Answer:** ""4. Reinforcement is delivered after an unpredictable number of responses.""
   - **Feedback:** A variable ratio schedule involves reinforcement after an unpredictable number of responses, which is why it is highly effective in maintaining behavior. This is different from a fixed interval schedule, where reinforcement is delivered at predictable time intervals.

2. **Why is gambling considered addictive according to reinforcement schedules?**
   - **Your Answer:** ""3. It uses a fixed ratio schedule.""
   - **Correct Answer:** ""2. It uses a variable ratio schedule.""
   - **Feedback:** Gambling is addictive because it operates on a variable ratio schedule, where the reinforcement (winning) is unpredictable. This unpredictability keeps individuals engaged, as they never know when the next reward will come.

3. **What is the least productive reinforcement schedule?**
   - **Your Answer:** ""2. Fixed interval""
   - **Correct Answer:** ""2. Fixed interval""
   - **Feedback:** Correct! A fixed interval schedule is often the least productive because reinforcement is delivered at predictable time intervals, leading to a pattern where responses increase as the time for reinforcement approaches and decrease immediately after.

---

Now, let's move on to the next sub-section, **6.1 What Is Learning?**

### Summary of Sub-section 6.1
This section introduces the concept of learning, which is defined as a relatively permanent change in behavior or knowledge that results from experience. It explores different types of learning, including classical conditioning, operant conditioning, and observational learning, and discusses how these processes contribute to our understanding of behavior.

### Engaging Discussion
- **Question:** How do you think learning through observation differs from learning through direct experience?
- **Analogy:** Consider how you might learn to cook a new dish. Would watching a cooking show (observational learning) be as effective as actually trying to cook the dish yourself (experiential learning)?

Feel free to share your thoughts or ask any questions as we prepare for the next quiz!"
participant_3333,5,User,I think experience provides better learning
participant_3333,6,AI,"That's a great observation! Experiential learning often provides a deeper understanding because it involves active engagement and personal involvement. When you learn through direct experience, you can make mistakes, receive immediate feedback, and adjust your actions accordingly. This hands-on approach can lead to more robust and lasting learning.

However, observational learning also plays a crucial role, especially when direct experience is not possible or practical. For example, watching someone else perform a task can provide valuable insights and strategies that you might not discover on your own.

### Follow-up Question:
- Can you think of a situation where observational learning might be more beneficial than experiential learning?

As we continue, let's explore how these different learning processes are applied in various contexts. If you're ready, we can move on to the next sub-section, **6.2 Classical Conditioning**, where we'll delve into how associations between stimuli and responses are formed."
participant_3333,7,User,Some situation that could be traumatic
participant_3333,8,AI,"Absolutely, that's a very insightful point. Observational learning can be particularly beneficial in situations that might be dangerous or traumatic if experienced directly. For instance, learning about the consequences of touching a hot stove by watching someone else get burned is much safer than experiencing the burn yourself.

### Follow-up Question:
- How do you think observational learning can help in understanding social behaviors or norms without directly experiencing them?

Now, let's transition to the next sub-section, **6.2 Classical Conditioning**.

### Summary of Sub-section 6.2
Classical conditioning is a learning process that involves creating an association between a naturally occurring stimulus and a previously neutral one. This section will explore how this type of learning was first discovered by Ivan Pavlov through his experiments with dogs, and how it applies to human behavior.

### Engaging Discussion
- **Question:** Can you think of an example in your life where you have experienced classical conditioning, such as associating a particular sound with an event?

Feel free to share your thoughts or any questions you might have as we prepare for the next quiz!"
participant_3333,9,User,quit
participant_3333,10,AI,"No problem! If you have any more questions in the future or want to continue exploring the chapter, feel free to reach out. Have a great day, and remember, I'm here whenever you need assistance with your learning journey!"
